variable,type,nobs,mean,sd,mode,min,max,q25,median,q75,n_missing,n_unique
med10obs,Numeric,133,13.75643689568127,6.607738466754131,14.2666666666667,5.263157894736848,43.285024154589365,9.719934102141679,12.071156289707753,16.088328075709775,0,NA
med1obs,Numeric,133,39.06568997834298,12.72997312767132,32.5333333333333,15.789473684210517,83.81818181818181,30.51266411993194,37.50000000000001,45.05494505494506,0,NA
med20obs,Numeric,133,8.066983235174863,4.5513815563836015,10,2.3899313563547633,27.977248489157486,4.731861198738168,7.1428571428571495,9.9290780141844,0,NA
med2obs,Numeric,133,32.17699017979176,15.626951912210115,36.4000013333333,13.157894736842094,153.2967032967033,22.65193370165746,29.12280701754385,37.53943217665615,0,NA
med30obs,Numeric,133,4.909697198275885,3.105845290693582,7.6,0,20.902950586562387,2.6851098454027755,4.142694667097562,6.83760944658386,0,NA
med3obs,Numeric,133,26.52971552994543,10.326182944118411,26.6666666666667,10.526315789473696,66.18357487922705,19.579759162303663,24.32432432432431,31.29102341883388,0,NA
med40obs,Numeric,133,1.9599920110055613,2.0184547471433167,5.86666666666667,0,9.2405062121454975,0,1.5723270440251462,2.8378378378378253,0,NA
med5obs,Numeric,133,20.580961081947898,9.258415240063972,22.1333306666667,8.045977011494246,63.63636363636363,14.285714285714304,18.666661333333323,24.92113564668769,0,NA
